{"cameraMode":{"drawMode":0,"name":"Shaded","section":"Shading Mode"},"sceneLighting":true,"audioPlay":false,"sceneViewState":{"m_AlwaysRefresh":false,"showFog":true,"showSkybox":true,"showFlares":true,"showImageEffects":true,"showParticleSystems":true,"showVisualEffectGraphs":true,"m_FxEnabled":true},"in2DMode":false,"pivot":{"x":52.86697006225586,"y":1.0000423192977906,"z":57.24479675292969},"rotation":{"x":0.007237321697175503,"y":-0.7859501242637634,"z":0.009577486664056778,"w":0.6183674931526184},"size":6.08501672744751,"orthographic":false}