{"cameraMode":{"drawMode":0,"name":"Shaded","section":"Shading Mode"},"sceneLighting":false,"audioPlay":false,"sceneViewState":{"m_AlwaysRefresh":false,"showFog":true,"showSkybox":false,"showFlares":true,"showImageEffects":true,"showParticleSystems":true,"showVisualEffectGraphs":true,"m_FxEnabled":true},"in2DMode":false,"pivot":{"x":-0.0016124099493026734,"y":0.17877240478992463,"z":0.08583374321460724},"rotation":{"x":0.07636845111846924,"y":0.0415743924677372,"z":0.0031339903362095358,"w":-0.9963003993034363},"size":0.6023908257484436,"orthographic":false}